{
    "Frontend Developer": {
        "rest": 0.5217391304347826,
        "java": 0.45652173913043476,
        "javascript": 0.4434782608695652,
        "aws": 0.4391304347826087,
        "excel": 0.3652173913043478,
        "react": 0.3173913043478261,
        "sql": 0.24347826086956523,
        "api": 0.20869565217391303,
        "python": 0.2,
        "c#": 0.18695652173913044,
        "c++": 0.15217391304347827,
        "node": 0.12608695652173912,
        "azure": 0.07391304347826087,
        "kubernetes": 0.034782608695652174,
        "gcp": 0.02608695652173913,
        "docker": 0.021739130434782608,
        "flask": 0.013043478260869565,
        "django": 0.013043478260869565,
        "machine learning": 0.004347826086956522,
        "power bi": 0.004347826086956522
    },
    "Backend Developer": {
        "api": 0.6984126984126984,
        "java": 0.6587301587301587,
        "sql": 0.5317460317460317,
        "aws": 0.5079365079365079,
        "rest": 0.49206349206349204,
        "python": 0.42063492063492064,
        "excel": 0.3333333333333333,
        "kubernetes": 0.30952380952380953,
        "docker": 0.2698412698412698,
        "azure": 0.2619047619047619,
        "node": 0.25396825396825395,
        "gcp": 0.19047619047619047,
        "c++": 0.1746031746031746,
        "react": 0.15079365079365079,
        "c#": 0.10317460317460317,
        "javascript": 0.0873015873015873,
        "machine learning": 0.05555555555555555,
        "django": 0.03968253968253968,
        "power bi": 0.007936507936507936,
        "flask": 0.007936507936507936
    },
    "Data Analyst": {
        "sql": 0.6470588235294118,
        "excel": 0.6323529411764706,
        "python": 0.35784313725490197,
        "tableau": 0.22058823529411764,
        "rest": 0.17401960784313725,
        "power bi": 0.1642156862745098,
        "aws": 0.16176470588235295,
        "machine learning": 0.1323529411764706,
        "java": 0.12990196078431374,
        "api": 0.12009803921568628,
        "javascript": 0.11029411764705882,
        "c++": 0.10049019607843138,
        "c#": 0.09313725490196079,
        "azure": 0.049019607843137254,
        "docker": 0.007352941176470588,
        "kubernetes": 0.007352941176470588,
        "gcp": 0.007352941176470588,
        "react": 0.004901960784313725,
        "tensorflow": 0.0024509803921568627,
        "pytorch": 0.0024509803921568627
    },
    "Machine Learning Engineer": {
        "machine learning": 0.9319727891156463,
        "python": 0.7755102040816326,
        "pytorch": 0.46258503401360546,
        "tensorflow": 0.40816326530612246,
        "excel": 0.4013605442176871,
        "rest": 0.3673469387755102,
        "api": 0.3401360544217687,
        "aws": 0.30612244897959184,
        "java": 0.23809523809523808,
        "azure": 0.21768707482993196,
        "sql": 0.20408163265306123,
        "c++": 0.17687074829931973,
        "kubernetes": 0.16326530612244897,
        "docker": 0.11564625850340136,
        "gcp": 0.09523809523809523,
        "node": 0.04081632653061224,
        "c#": 0.027210884353741496,
        "javascript": 0.02040816326530612,
        "react": 0.02040816326530612,
        "power bi": 0.013605442176870748,
        "tableau": 0.013605442176870748,
        "flask": 0.006802721088435374
    }
}